{
  "weight": 11,
  "density": 0.5,
  "max_height": 65,
  "min_height": 30,
  "dimension_filter": ["name:the_end"],
  "surface_stone_material": "naquadah",
  
  "generator": {
    "type": "ellipsoid",
    "radius": [20, 20]
  },
  "filler": {
    "type": "simple",
    "value": {
      "type": "weight_random",
      "values": [
        {
          "weight": 75,
          "value": "ore:naquadah"
        },
        {
          "weight": 15,
          "value": "ore:naquadah_enriched"
        },
		{
          "weight": 5,
          "value": "ore:cooperite"
        },
		{
          "weight": 5,
          "value": "ore:powellite"
        }
      ]
    }
  }
}