{
  "weight": 50,
  "density": 0.6,
  "max_height": 50,
  "min_height": 35,
  "surface_stone_material": "platinum",
  "dimension_filter": ["name:the_end"],

  "generator": {
    "type": "ellipsoid",
    "radius": [8, 11]
  },
  "filler": {
    "type": "simple",
    "value": {
      "type": "weight_random",
      "values": [
		{
          "weight": 45,
          "value": "ore:platinum"
        },
		{
          "weight": 15,
          "value": "ore:palladium"
        },
		{
          "weight": 40,
          "value": "ore:iridium"
        }
      ]
    }
  }
}