{
  "weight": 35,
  "density": 0.6,
  "max_height": 50,
  "min_height": 10,
  "surface_stone_material": "redstone",
  "dimension_filter": ["name:the_end"],

  "generator": {
    "type": "ellipsoid",
    "radius": [11, 12]
  },
  "filler": {
    "type": "simple",
    "value": {
      "type": "weight_random",
      "values": [
        {
          "weight": 50,
          "value": "ore:redstone"
        },
        {
          "weight": 20,
          "value": "ore:ruby"
        },
		{
          "weight": 20,
          "value": "ore:almandine"
        },
        {
          "weight": 5,
          "value": "ore:zircon"
        }
      ]
    }
  }
}