{
  "weight": 50,
  "density": 0.3,
  "max_height": 55,
  "min_height": 5,
  "surface_stone_material": "emerald",
  "dimension_filter": ["is_nether"],

  "generator": {
    "type": "ellipsoid",
    "radius": [13, 13]
  },
  "filler": {
    "type": "simple",
    "value": {
      "type": "weight_random",
      "values": [
        {
          "weight": 45,
          "value": "ore:beryllium"
        },
        {
          "weight": 30,
          "value": "ore:emerald"
        },
		{
          "weight": 25,
          "value": "ore:thorium"
        }
      ]
    }
  }
}