{
  "weight": 50,
  "density": 0.4,
  "max_height": 45,
  "min_height": 10,
  "dimension_filter": ["is_nether"],
  "surface_stone_material": "cobalt",

  "generator": {
    "type": "ellipsoid",
    "radius": [9, 14]
  },
  "filler": {
    "type": "simple",
    "value": {
      "type": "weight_random",
      "values": [
        {
          "weight": 20,
          "value": "ore:garnierite"
        },
        {
          "weight": 20,
          "value": "ore:nickel"
        },
		{
          "weight": 35,
          "value": "ore:cobaltite"
        },
		{
          "weight": 25,
          "value": "ore:pentlandite"
        }
      ]
    }
  }
}