{
  "weight": 70,
  "density": 0.2,
  "max_height": 90,
  "min_height": 10,
  "dimension_filter": ["is_nether"],
  "surface_stone_material": "redstone",

  "generator": {
    "type": "ellipsoid",
    "radius": [12, 14]
  },
  "filler": {
    "type": "simple",
    "value": {
      "type": "weight_random",
      "values": [
        {
          "weight": 60,
          "value": "ore:redstone"
        },
        {
          "weight": 5,
          "value": "ore:diamond"
        },
		{
          "weight": 35,
          "value": "ore:emerald"
        }
      ]
    }
  }
}