{
  "weight": 45,
  "density": 0.3,
  "max_height": 40,
  "min_height": 10,
  "surface_stone_material": "citrine",
  "dimension_filter": ["is_nether"],

  "generator": {
    "type": "ellipsoid",
    "radius": [12, 17]
  },
  "filler": {
    "type": "simple",
    "value": {
      "type": "weight_random",
      "values": [
        {
          "weight": 40,
          "value": "ore:citrine"
        },
        {
          "weight": 20,
          "value": "ore:malachite"
        },
		{
          "weight": 20,
          "value": "ore:aquamarine"
        },
		{
          "weight": 10,
          "value": "ore:lapis"
        },
		{
          "weight": 10,
          "value": "ore:spinel"
        }
      ]
    }
  }
}