{
    "SampleRecipeID1 (Any string.)": {
        "recipe_type": "ADD",
        "output_primary": {
            "item": "samplemod:sample_output:metadata (removable)"
        },
        "output_secondary": {
            "item": "samplemod:sample_secondary:0 (removable)",
            "chance": 0.5
        },
        "output_fluid": {
            "amount": 500,
            "fluid": "sample_fluid_output (removable)"
        },
        "climate_temperature": "KILN (If this is removed, it will be forced to NORMAL.)",
        "climate_humidity": "DRY (If this is removed, it will be unspecified.)",
        "climate_airflow": "TIGHT (If this is removed, it will be unspecified.)",
        "input_fluid": {
            "amount": 500,
            "fluid": "sample_fluid_input (removable)"
        },
        "input": [
            "samplemod:sample_output:0",
            "ore_dict name is acceptable as input.",
            "Up to 6 inputs can be added."
        ]
    },
    "SampleRecipeID2": {
        "recipe_type": "REMOVE",
        "input": {
            "item": "samplemod:remove_input:0"
        },
        "input_fluid": {
            "amount": 500,
            "fluid": "sample_fluid_input (removable)"
        },
        "climate_temperature": "KILN (If this is removed, it will be forced to NORMAL.)",
        "climate_humidity": "DRY (If this is removed, it will be forced to NORMAL.)",
        "climate_airflow": "TIGHT (If this is removed, it will be forced to NORMAL.)"
    }
}