{
  "weight": 50,
  "density": 0.3,
  "min_height": 60,
  "surface_stone_material": "barite",

  "generator": {
    "type": "ellipsoid",
    "radius": [11, 13]
  },
  "filler": {
    "type": "simple",
    "value": {
      "type": "weight_random",
      "values": [
        {
          "weight": 20,
          "value": "ore:apatite"
        },
        {
          "weight": 50,
          "value": "ore:barite"
        },
        {
          "weight": 30,
          "value": "ore:phosphor"
        }
      ]
    }
  }
}