{
  "weight": 80,
  "density": 0.4,
  "max_height": 70,
  "min_height": 20,
  "surface_stone_material": "copper",

  "generator": {
    "type": "ellipsoid",
    "radius": [17, 19]
  },
  "filler": {
    "type": "simple",
    "value": {
      "type": "weight_random",
      "values": [
        {
          "weight": 35,
          "value": "ore:bornite"
        },
        {
          "weight": 25,
          "value": "ore:chalcocite"
        },
        {
          "weight": 25,
          "value": "ore:malachite"
        },
        {
          "weight": 15,
          "value": "ore:copper"
        }
      ]
    }
  }
} 