{
  "weight": 30,
  "density": 0.7,
  "max_height": 40,
  "min_height": 5,
  "surface_stone_material": "diamond",

  "generator": {
    "type": "ellipsoid",
    "radius": [12, 13]
  },
  "filler": {
    "type": "simple",
    "value": {
      "type": "weight_random",
      "values": [
        {
          "weight": 60,
          "value": "ore:graphite"
        },
        {
          "weight": 30,
          "value": "ore:diamond"
        },
		{
          "weight": 10,
          "value": "ore:coal"
        }
      ]
    }
  }
}