{
  "weight": 90,
  "density": 0.4,
  "max_height": 55,
  "min_height": 5,
  "surface_stone_material": "iron",

  "generator": {
    "type": "ellipsoid",
    "radius": [13, 13]
  },
  "filler": {
    "type": "simple",
    "value": {
      "type": "weight_random",
      "values": [
		{
          "weight": 40,
          "value": "ore:banded_iron"
        },
        {
          "weight": 20,
          "value": "ore:siderite"
        },
		{
          "weight": 15,
          "value": "ore:geothite"
        },
		{
          "weight": 15,
          "value": "ore:hematite"
        },
        {
          "weight": 15,
          "value": "ore:iron"
        }
      ]
    }
  }
}