{
  "weight": 25,
  "density": 1.0,
  "max_height": 40,
  "min_height": 10,
  "priority": -100,
  "count_as_vein": false,
  "surface_stone_material": "ash",
  "generation_predicate": "any",

  "biome_modifier": {
    "type": "biome_dictionary",
    "sandy": 5
  },
  "generator": {
    "type": "plate",
    "length": [20, 36],
    "depth": [20, 36],
    "height": [5, 10]
  },
  "filler": {
    "type": "ignore_bedrock",
    "value": {
      "type": "weight_random",
      "values": [
        {
          "weight": 100,
          "value": "block:gregtech:fluid.natural_gas"
        }
      ]
    }
  }
}