{
  "weight": 55,
  "density": 0.5,
  "max_height": 50,
  "min_height": 20,
  "surface_stone_material": "neodymium",

  "generator": {
    "type": "ellipsoid",
    "radius": [13, 13]
  },
  "filler": {
    "type": "simple",
    "value": {
      "type": "weight_random",
      "values": [
        {
          "weight": 25,
          "value": "ore:galena"
        },
        {
          "weight": 25,
          "value": "ore:borax"
        },
        {
          "weight": 25,
          "value": "ore:witherite"
        },
		{
          "weight": 25,
          "value": "ore:neodymium"
        }
      ]
    }
  }
}