{
  "weight": 40,
  "density": 0.6,
  "max_height": 60,
  "min_height": 25,
  "surface_stone_material": "platinum",

  "generator": {
    "type": "ellipsoid",
    "radius": [13, 19]
  },
  "filler": {
    "type": "simple",
    "value": {
      "type": "weight_random",
      "values": [
		{
          "weight": 40,
          "value": "ore:platinum"
        },
		{
          "weight": 40,
          "value": "ore:palladium"
        },
		{
          "weight": 20,
          "value": "ore:iridium"
        }
      ]
    }
  }
}