{
  "weight": 70,
  "density": 0.4,
  "max_height": 80,
  "min_height": 40,
  "surface_stone_material": "quartzite",

  "generator": {
    "type": "ellipsoid",
    "radius": [13, 17]
  },
  "filler": {
    "type": "simple",
    "value": {
      "type": "weight_random",
      "values": [
        {
          "weight": 45,
          "value": "ore:quartzite"
        },
        {
          "weight": 25,
          "value": "ore:certus_quartz"
        },
        {
          "weight": 15,
          "value": "ore:tennantite"
        },
		{
          "weight": 15,
          "value": "ore:barite"
        }
      ]
    }
  }
}