{
  "weight": 65,
  "density": 0.6,
  "max_height": 50,
  "min_height": 10,
  "surface_stone_material": "redstone",

  "generator": {
    "type": "ellipsoid",
    "radius": [17, 19]
  },
  "filler": {
    "type": "simple",
    "value": {
      "type": "weight_random",
      "values": [
        {
          "weight": 55,
          "value": "ore:redstone"
        },
        {
          "weight": 20,
          "value": "ore:ruby"
        },
		{
          "weight": 15,
          "value": "ore:rutile"
        },
        {
          "weight": 10,
          "value": "ore:zircon"
        }
      ]
    }
  }
}