{
    "entries": [
        {
            "ore": "dcs_climate:dcs_ore_stone_new:0",
            "secondary": "dcs_climate:dcs_ore_stone_new:5",
            "secondary_chance": 15,
            "weight": 40
        },
        {
            "ore": "dcs_climate:dcs_ore_stone_new:3",
            "secondary": "dcs_climate:dcs_ore_stone_new:8",
            "secondary_chance": 15,
            "weight": 20
        },
        {
            "ore": "dcs_climate:dcs_ore_stone_new:5",
            "weight": 10
        },
        {
            "ore": "dcs_climate:dcs_ore_stone_new:6",
            "weight": 10
        },
        {
            "ore": "dcs_climate:dcs_ore_stone_new:8",
            "weight": 10
        },
        {
            "ore": "dcs_climate:dcs_ore_stone_new:9",
            "weight": 10
        }
    ],
    "layer": "dcs_climate:dcs_layer_skarn:2"
}